{"roleName":"DynamicAvatar","aniStateName":"IdleOfSitDown","modifies":[{"ModifySkeleton":"LeftShoulder_Offset","LocalPos":{"x":0.0,"y":0.0,"z":0.0},"LocalRotation":{"x":0.0,"y":0.0,"z":5.999992847442627}},{"ModifySkeleton":"LeftArm_Offset","LocalPos":{"x":-0.00001941296795848757,"y":0.0000307101545331534,"z":-0.00027653653523884714},"LocalRotation":{"x":357.3072509765625,"y":356.5743713378906,"z":3.707080602645874}},{"ModifySkeleton":"LeftForeArm_Offset","LocalPos":{"x":0.0001451957068638876,"y":-0.00025953922886401415,"z":0.0005020801327191293},"LocalRotation":{"x":2.3861305713653566,"y":352.38330078125,"z":355.21826171875}},{"ModifySkeleton":"LeftHand_Offset","LocalPos":{"x":0.0,"y":0.0,"z":0.0},"LocalRotation":{"x":0.0,"y":0.0,"z":0.0}},{"ModifySkeleton":"RightShoulder_Offset","LocalPos":{"x":0.0,"y":0.0,"z":0.0},"LocalRotation":{"x":358.0,"y":0.0,"z":354.0}},{"ModifySkeleton":"RightArm_Offset","LocalPos":{"x":0.0,"y":0.0,"z":0.0},"LocalRotation":{"x":358.0,"y":358.031005859375,"z":356.1549987792969}},{"ModifySkeleton":"RightForeArm_Offset","LocalPos":{"x":-0.0001086943520931527,"y":-0.00035637698601931334,"z":-0.0003432532830629498},"LocalRotation":{"x":8.754714012145996,"y":9.586732864379883,"z":356.0675354003906}},{"ModifySkeleton":"RightHand_Offset","LocalPos":{"x":0.0,"y":0.0,"z":0.0},"LocalRotation":{"x":0.0,"y":0.0,"z":0.0}}]}