{"roleName":"DynamicAvatar","aniStateName":"OK","modifies":[{"ModifySkeleton":"LeftShoulder_Offset","LocalPos":{"x":0.0,"y":0.0,"z":0.0},"LocalRotation":{"x":0.0,"y":0.0,"z":5.999992847442627}},{"ModifySkeleton":"LeftArm_Offset","LocalPos":{"x":0.0,"y":0.0,"z":0.0},"LocalRotation":{"x":0.0,"y":0.0,"z":5.999992847442627}},{"ModifySkeleton":"LeftForeArm_Offset","LocalPos":{"x":0.0,"y":0.0,"z":0.0},"LocalRotation":{"x":0.0,"y":10.000003814697266,"z":0.0}},{"ModifySkeleton":"LeftHand_Offset","LocalPos":{"x":0.0,"y":0.0,"z":0.0},"LocalRotation":{"x":0.0,"y":0.0,"z":0.0}},{"ModifySkeleton":"RightShoulder_Offset","LocalPos":{"x":0.0,"y":0.0,"z":0.0},"LocalRotation":{"x":0.0,"y":0.0,"z":354.0}},{"ModifySkeleton":"RightArm_Offset","LocalPos":{"x":0.0,"y":0.0,"z":0.0},"LocalRotation":{"x":0.0,"y":0.0,"z":354.0}},{"ModifySkeleton":"RightForeArm_Offset","LocalPos":{"x":0.0,"y":0.0,"z":0.0},"LocalRotation":{"x":0.0,"y":350.0,"z":0.0}},{"ModifySkeleton":"RightHand_Offset","LocalPos":{"x":0.0,"y":0.0,"z":0.0},"LocalRotation":{"x":0.0,"y":0.0,"z":0.0}}]}