{"roleName":"DynamicAvatar","aniStateName":"HandClap","modifies":[{"ModifySkeleton":"LeftShoulder_Offset","LocalPos":{"x":0.0,"y":0.0,"z":0.0},"LocalRotation":{"x":0.0,"y":0.0,"z":5.999992847442627}},{"ModifySkeleton":"LeftArm_Offset","LocalPos":{"x":0.0,"y":0.0,"z":0.0},"LocalRotation":{"x":354.2078552246094,"y":1.8137401342391968,"z":3.455916404724121}},{"ModifySkeleton":"LeftForeArm_Offset","LocalPos":{"x":0.0,"y":0.0,"z":0.0},"LocalRotation":{"x":0.81200110912323,"y":354.9999694824219,"z":359.0}},{"ModifySkeleton":"LeftHand_Offset","LocalPos":{"x":0.0,"y":0.0,"z":0.0},"LocalRotation":{"x":0.0,"y":349.9999694824219,"z":0.0}},{"ModifySkeleton":"LeftHandThumb1_Offset","LocalPos":{"x":0.0,"y":0.0,"z":0.0},"LocalRotation":{"x":350.37091064453127,"y":16.252552032470704,"z":355.8758239746094}},{"ModifySkeleton":"LeftHandThumb2_Offset","LocalPos":{"x":0.0,"y":0.0,"z":0.0},"LocalRotation":{"x":0.0,"y":0.0,"z":0.0}},{"ModifySkeleton":"RightShoulder_Offset","LocalPos":{"x":0.0,"y":0.0,"z":0.0},"LocalRotation":{"x":0.0,"y":0.0,"z":354.0}},{"ModifySkeleton":"RightArm_Offset","LocalPos":{"x":0.0,"y":0.0,"z":0.0},"LocalRotation":{"x":353.3529968261719,"y":0.05999567359685898,"z":6.620002746582031}},{"ModifySkeleton":"RightForeArm_Offset","LocalPos":{"x":0.0,"y":0.0,"z":0.0},"LocalRotation":{"x":1.5199973583221436,"y":356.3000183105469,"z":2.060000419616699}},{"ModifySkeleton":"RightHand_Offset","LocalPos":{"x":0.0,"y":0.0,"z":0.0},"LocalRotation":{"x":0.0,"y":10.00000286102295,"z":0.0}},{"ModifySkeleton":"RightHandThumb1_Offset","LocalPos":{"x":0.0,"y":0.0,"z":0.0},"LocalRotation":{"x":342.6584777832031,"y":347.35186767578127,"z":350.391357421875}},{"ModifySkeleton":"RightHandThumb2_Offset","LocalPos":{"x":0.0,"y":0.0,"z":0.0},"LocalRotation":{"x":345.39385986328127,"y":355.30126953125,"z":355.4748229980469}}]}