{"roleName":"DynamicAvatar","aniStateName":"OK","modifies":[{"ModifySkeleton":"LeftShoulder_Offset","LocalPos":{"x":-0.019999999552965165,"y":0.0,"z":0.0},"LocalRotation":{"x":0.0,"y":0.0,"z":5.999992847442627}},{"ModifySkeleton":"LeftArm_Offset","LocalPos":{"x":0.0,"y":0.0,"z":0.0},"LocalRotation":{"x":0.0,"y":0.0,"z":0.0}},{"ModifySkeleton":"LeftForeArm_Offset","LocalPos":{"x":0.0,"y":0.0,"z":0.0},"LocalRotation":{"x":0.0,"y":0.0,"z":0.0}},{"ModifySkeleton":"LeftHand_Offset","LocalPos":{"x":0.0,"y":0.0,"z":0.0},"LocalRotation":{"x":0.0,"y":0.0,"z":0.0}},{"ModifySkeleton":"LeftHandThumb1_Offset","LocalPos":{"x":0.0,"y":0.0,"z":0.0},"LocalRotation":{"x":0.0,"y":0.0,"z":0.0}},{"ModifySkeleton":"LeftHandThumb2_Offset","LocalPos":{"x":0.0,"y":0.0,"z":0.0},"LocalRotation":{"x":0.0,"y":0.0,"z":0.0}},{"ModifySkeleton":"LeftHandThumb3_Offset","LocalPos":{"x":0.0,"y":0.0,"z":0.0},"LocalRotation":{"x":0.0,"y":0.0,"z":0.0}},{"ModifySkeleton":"LeftHandThumb4_Offset","LocalPos":{"x":0.0,"y":0.0,"z":0.0},"LocalRotation":{"x":0.0,"y":0.0,"z":0.0}},{"ModifySkeleton":"RightShoulder_Offset","LocalPos":{"x":0.019999999552965165,"y":0.0,"z":0.0},"LocalRotation":{"x":349.9999694824219,"y":5.418403148382822e-8,"z":354.0}},{"ModifySkeleton":"RightArm_Offset","LocalPos":{"x":0.0,"y":0.0,"z":0.0},"LocalRotation":{"x":0.0,"y":0.0,"z":10.00000286102295}},{"ModifySkeleton":"RightForeArm_Offset","LocalPos":{"x":0.0,"y":0.0,"z":0.0},"LocalRotation":{"x":0.0,"y":0.0,"z":0.0}},{"ModifySkeleton":"RightHand_Offset","LocalPos":{"x":0.0,"y":0.0,"z":0.0},"LocalRotation":{"x":0.0,"y":0.0,"z":0.0}},{"ModifySkeleton":"RightHandThumb1_Offset","LocalPos":{"x":0.0,"y":0.0,"z":0.0},"LocalRotation":{"x":0.0,"y":0.0,"z":0.0}},{"ModifySkeleton":"RightHandThumb2_Offset","LocalPos":{"x":0.0,"y":0.0,"z":0.0},"LocalRotation":{"x":350.0,"y":0.0,"z":0.0}},{"ModifySkeleton":"RightHandThumb3_Offset","LocalPos":{"x":0.0,"y":0.0,"z":0.0},"LocalRotation":{"x":350.0,"y":0.0,"z":0.0}},{"ModifySkeleton":"RightHandThumb4_Offset","LocalPos":{"x":0.0,"y":0.0,"z":0.0},"LocalRotation":{"x":0.0,"y":0.0,"z":0.0}}]}