{"roleName":"DynamicAvatar","aniStateName":"Pray","modifies":[{"ModifySkeleton":"LeftShoulder_Offset","LocalPos":{"x":0.0,"y":0.0,"z":0.0},"LocalRotation":{"x":0.0,"y":0.0,"z":5.999992847442627}},{"ModifySkeleton":"LeftArm_Offset","LocalPos":{"x":0.0,"y":0.0,"z":0.0},"LocalRotation":{"x":354.0,"y":6.706847521797954e-9,"z":359.0}},{"ModifySkeleton":"LeftForeArm_Offset","LocalPos":{"x":0.0,"y":0.0,"z":0.0},"LocalRotation":{"x":0.0,"y":0.0,"z":0.0}},{"ModifySkeleton":"LeftHand_Offset","LocalPos":{"x":0.0,"y":0.0,"z":0.0},"LocalRotation":{"x":0.0,"y":341.2300109863281,"z":0.0}},{"ModifySkeleton":"LeftHandThumb1_Offset","LocalPos":{"x":0.0,"y":0.0,"z":0.0},"LocalRotation":{"x":348.0,"y":13.000000953674317,"z":2.9999966621398927}},{"ModifySkeleton":"LeftHandThumb2_Offset","LocalPos":{"x":0.0,"y":0.0,"z":0.0},"LocalRotation":{"x":348.0,"y":0.0,"z":0.0}},{"ModifySkeleton":"RightShoulder_Offset","LocalPos":{"x":0.0,"y":0.0,"z":0.0},"LocalRotation":{"x":0.0,"y":0.0,"z":354.0}},{"ModifySkeleton":"RightArm_Offset","LocalPos":{"x":0.0,"y":0.0,"z":0.0},"LocalRotation":{"x":354.0,"y":0.0,"z":1.0000027418136597}},{"ModifySkeleton":"RightForeArm_Offset","LocalPos":{"x":0.0,"y":0.0,"z":0.0},"LocalRotation":{"x":0.0,"y":0.0,"z":0.0}},{"ModifySkeleton":"RightHand_Offset","LocalPos":{"x":0.0,"y":0.0,"z":0.0},"LocalRotation":{"x":0.0,"y":18.0000057220459,"z":0.0}},{"ModifySkeleton":"RightHandThumb1_Offset","LocalPos":{"x":0.0,"y":0.0,"z":0.0},"LocalRotation":{"x":342.2254333496094,"y":337.1582946777344,"z":3.3307888507843019}},{"ModifySkeleton":"RightHandThumb2_Offset","LocalPos":{"x":0.0,"y":0.0,"z":0.0},"LocalRotation":{"x":348.0,"y":0.0,"z":0.0}}]}