{"roleName":"DynamicAvatar","aniStateName":"ThumbsUp","modifies":[{"ModifySkeleton":"LeftShoulder_Offset","LocalPos":{"x":0.0,"y":0.0,"z":0.0},"LocalRotation":{"x":0.0,"y":0.0,"z":5.999992847442627}},{"ModifySkeleton":"LeftArm_Offset","LocalPos":{"x":-0.00024112360551953316,"y":0.004384724888950586,"z":-0.004141273908317089},"LocalRotation":{"x":355.07550048828127,"y":359.9531555175781,"z":3.63672137260437}},{"ModifySkeleton":"LeftForeArm_Offset","LocalPos":{"x":0.0,"y":0.0,"z":0.0},"LocalRotation":{"x":0.8122735023498535,"y":357.7888488769531,"z":358.551513671875}},{"ModifySkeleton":"LeftHand_Offset","LocalPos":{"x":0.0,"y":0.0,"z":0.0},"LocalRotation":{"x":0.0,"y":0.0,"z":0.0}},{"ModifySkeleton":"LeftHandThumb1_Offset","LocalPos":{"x":0.0,"y":0.0,"z":0.0},"LocalRotation":{"x":0.0,"y":0.0,"z":0.0}},{"ModifySkeleton":"LeftHandThumb2_Offset","LocalPos":{"x":0.0,"y":0.0,"z":0.0},"LocalRotation":{"x":0.0,"y":0.0,"z":0.0}},{"ModifySkeleton":"RightShoulder_Offset","LocalPos":{"x":0.0,"y":0.0,"z":0.0},"LocalRotation":{"x":0.0,"y":0.0,"z":354.0}},{"ModifySkeleton":"RightArm_Offset","LocalPos":{"x":0.0000011559502581803827,"y":0.000008443084880127572,"z":0.00001752801108523272},"LocalRotation":{"x":353.6336669921875,"y":358.0545959472656,"z":356.63043212890627}},{"ModifySkeleton":"RightForeArm_Offset","LocalPos":{"x":0.0,"y":0.0,"z":0.0},"LocalRotation":{"x":1.5204617977142335,"y":5.623991966247559,"z":2.0602333545684816}},{"ModifySkeleton":"RightHand_Offset","LocalPos":{"x":0.0,"y":0.0,"z":0.0},"LocalRotation":{"x":0.0,"y":0.0,"z":0.0}},{"ModifySkeleton":"RightHandThumb1_Offset","LocalPos":{"x":0.0,"y":0.0,"z":0.0},"LocalRotation":{"x":0.0,"y":0.0,"z":0.0}},{"ModifySkeleton":"RightHandThumb2_Offset","LocalPos":{"x":0.0,"y":0.0,"z":0.0},"LocalRotation":{"x":0.0,"y":0.0,"z":0.0}}]}